"","berry_weight_per_berry","std","r","se","Min","Max","Q25","Q50","Q75","Treatment","groups","p_values","treatment","sem","Significance","Mean_sem"
"2",1.06338888888889,0.027013756783453,9,0.0150351250076726,1.02583333333333,1.083,1.0305,1.081,1.08166666666667,1,"a",0.0984764127557107,"1",0.00900458559448435,"","1.06 ± 0.01 a"
"3",1.09072222222222,0.029790821666338,9,0.0150351250076726,1.05983333333333,1.12966666666667,1.06566666666667,1.08016666666667,1.12766666666667,2,"a",0.0984764127557107,"2",0.00993027388877934,"","1.09 ± 0.01 a"
"1",1.0427962962963,0.0669794629479076,9,0.0150351250076726,0.994833333333333,1.13283333333333,0.997166666666667,1.00116666666667,1.13133333333333,3,"a",0.0984764127557107,"3",0.0223264876493025,"","1.04 ± 0.02 a"
